ID,Target
2050,Graduate
3,Graduate
4,Graduate
2054,Graduate
7,Graduate
8,Graduate
2056,Graduate
4102,Graduate
4107,Graduate
2060,Graduate
4108,Graduate
14,Graduate
4110,Graduate
2064,Graduate
4111,Graduate
18,Graduate
19,Graduate
4112,Graduate
21,Graduate
22,Graduate
2069,Graduate
2075,Graduate
4129,Graduate
2082,Graduate
2083,Graduate
36,Graduate
2085,Graduate
38,Graduate
39,Graduate
4131,Graduate
4138,Graduate
4143,Graduate
4150,Graduate
59,Graduate
60,Graduate
2107,Graduate
2108,Graduate
63,Graduate
2112,Graduate
4161,Graduate
2114,Graduate
4163,Graduate
2119,Graduate
2123,Graduate
4171,Graduate
77,Graduate
4172,Graduate
4173,Graduate
80,Graduate
2128,Graduate
2129,Graduate
4175,Graduate
84,Graduate
87,Graduate
88,Graduate
2135,Graduate
2136,Graduate
2138,Graduate
4186,Graduate
4187,Graduate
2142,Graduate
2143,Graduate
100,Graduate
101,Graduate
4201,Graduate
110,Graduate
113,Graduate
2162,Graduate
2164,Graduate
4214,Graduate
4216,Graduate
121,Graduate
2172,Graduate
2175,Graduate
128,Graduate
129,Graduate
2177,Graduate
2178,Graduate
2179,Graduate
133,Graduate
4228,Graduate
4229,Graduate
136,Graduate
4231,Graduate
4232,Graduate
4234,Graduate
2189,Graduate
2190,Graduate
4237,Graduate
145,Graduate
2193,Graduate
4242,Graduate
149,Graduate
2199,Graduate
2200,Graduate
4247,Graduate
4251,Graduate
4253,Graduate
4254,Graduate
2210,Graduate
2211,Graduate
4261,Graduate
4265,Graduate
2221,Graduate
4269,Graduate
2224,Graduate
4273,Graduate
4274,Graduate
2229,Graduate
2230,Graduate
4279,Graduate
4280,Graduate
2233,Graduate
4281,Graduate
188,Graduate
2241,Graduate
195,Graduate
2248,Graduate
4300,Graduate
4301,Graduate
2255,Graduate
4304,Graduate
2260,Graduate
2261,Graduate
4309,Graduate
216,Graduate
218,Graduate
2269,Graduate
4318,Graduate
4320,Graduate
227,Graduate
228,Graduate
4324,Graduate
4326,Graduate
2279,Graduate
234,Graduate
235,Graduate
2284,Graduate
237,Graduate
4335,Graduate
2291,Graduate
4340,Graduate
2294,Graduate
2295,Graduate
2297,Graduate
2300,Graduate
253,Graduate
4350,Graduate
4351,Graduate
256,Graduate
2309,Graduate
263,Graduate
4361,Graduate
4364,Graduate
272,Graduate
4370,Graduate
275,Graduate
277,Graduate
2325,Graduate
279,Graduate
4377,Graduate
282,Graduate
2331,Graduate
4380,Graduate
285,Graduate
2335,Graduate
4388,Graduate
294,Graduate
2343,Graduate
2344,Graduate
298,Graduate
4395,Graduate
301,Graduate
4398,Graduate
304,Graduate
305,Graduate
306,Graduate
2354,Graduate
308,Graduate
312,Graduate
314,Graduate
2366,Graduate
320,Graduate
4419,Graduate
2372,Graduate
325,Enrolled
2373,Enrolled
2375,Enrolled
328,Enrolled
4420,Enrolled
2380,Enrolled
2384,Enrolled
2386,Enrolled
2387,Enrolled
347,Enrolled
2397,Enrolled
351,Enrolled
352,Enrolled
2400,Enrolled
2401,Enrolled
358,Enrolled
2406,Enrolled
2407,Enrolled
2408,Enrolled
2411,Enrolled
365,Enrolled
2415,Enrolled
370,Enrolled
376,Enrolled
379,Enrolled
2428,Enrolled
2432,Enrolled
2434,Enrolled
2435,Enrolled
2437,Enrolled
2441,Enrolled
394,Enrolled
395,Enrolled
2442,Enrolled
398,Enrolled
2449,Enrolled
2452,Enrolled
407,Enrolled
410,Enrolled
411,Enrolled
413,Enrolled
2464,Enrolled
419,Enrolled
2468,Enrolled
422,Enrolled
423,Enrolled
2470,Enrolled
2477,Enrolled
430,Enrolled
2484,Enrolled
438,Enrolled
442,Enrolled
2490,Enrolled
2491,Enrolled
2492,Enrolled
449,Enrolled
450,Enrolled
454,Enrolled
2504,Enrolled
459,Enrolled
2509,Enrolled
471,Enrolled
2520,Enrolled
474,Enrolled
477,Enrolled
478,Enrolled
479,Enrolled
2527,Enrolled
482,Enrolled
2535,Enrolled
489,Enrolled
492,Enrolled
2545,Enrolled
2546,Enrolled
2547,Enrolled
503,Enrolled
2553,Enrolled
506,Enrolled
507,Enrolled
508,Enrolled
513,Enrolled
514,Enrolled
515,Enrolled
2563,Enrolled
519,Enrolled
524,Enrolled
525,Enrolled
2584,Enrolled
540,Enrolled
542,Enrolled
2590,Enrolled
544,Enrolled
545,Enrolled
2593,Enrolled
2596,Enrolled
2603,Enrolled
557,Enrolled
564,Enrolled
2613,Enrolled
2615,Enrolled
573,Enrolled
2624,Enrolled
579,Enrolled
580,Enrolled
2627,Enrolled
2628,Enrolled
2631,Enrolled
2642,Enrolled
595,Enrolled
597,Enrolled
2647,Enrolled
601,Enrolled
2650,Enrolled
604,Enrolled
605,Enrolled
2652,Enrolled
2654,Enrolled
608,Enrolled
610,Enrolled
616,Enrolled
619,Enrolled
621,Enrolled
2672,Enrolled
634,Enrolled
2688,Enrolled
641,Enrolled
644,Enrolled
652,Enrolled
654,Enrolled
656,Enrolled
2706,Enrolled
2707,Enrolled
660,Enrolled
661,Enrolled
663,Enrolled
2712,Enrolled
2713,Enrolled
666,Enrolled
2715,Enrolled
669,Enrolled
2721,Enrolled
674,Enrolled
2722,Enrolled
2725,Enrolled
2726,Enrolled
679,Enrolled
682,Enrolled
2733,Enrolled
690,Enrolled
694,Enrolled
695,Enrolled
2742,Enrolled
2743,Enrolled
699,Enrolled
704,Enrolled
2755,Enrolled
708,Enrolled
2764,Enrolled
2765,Enrolled
721,Enrolled
2769,Enrolled
728,Enrolled
2778,Enrolled
736,Enrolled
2784,Enrolled
2792,Enrolled
745,Enrolled
746,Enrolled
749,Enrolled
751,Enrolled
2801,Enrolled
755,Enrolled
757,Enrolled
2807,Enrolled
760,Enrolled
761,Enrolled
2808,Enrolled
2810,Enrolled
2811,Enrolled
769,Enrolled
777,Enrolled
2827,Enrolled
2829,Enrolled
2830,Enrolled
783,Enrolled
784,Enrolled
2832,Enrolled
788,Enrolled
789,Enrolled
2836,Enrolled
794,Enrolled
795,Enrolled
2842,Enrolled
2844,Enrolled
798,Enrolled
2848,Enrolled
803,Enrolled
804,Enrolled
805,Enrolled
2853,Enrolled
807,Enrolled
2855,Enrolled
810,Enrolled
811,Enrolled
813,Enrolled
818,Enrolled
2866,Enrolled
827,Enrolled
2877,Enrolled
830,Enrolled
832,Enrolled
2882,Enrolled
2884,Enrolled
840,Enrolled
841,Enrolled
847,Enrolled
2895,Enrolled
849,Enrolled
850,Enrolled
2896,Enrolled
2899,Enrolled
2901,Enrolled
855,Enrolled
2910,Enrolled
863,Enrolled
2911,Enrolled
867,Enrolled
2915,Enrolled
2916,Enrolled
871,Enrolled
2920,Enrolled
873,Enrolled
2922,Enrolled
2927,Enrolled
880,Enrolled
2928,Enrolled
885,Enrolled
2934,Enrolled
890,Enrolled
895,Enrolled
896,Enrolled
2944,Enrolled
2946,Enrolled
2954,Enrolled
908,Enrolled
2956,Enrolled
910,Enrolled
2961,Enrolled
916,Enrolled
2967,Enrolled
2969,Enrolled
2970,Enrolled
2971,Enrolled
924,Enrolled
927,Enrolled
2977,Enrolled
2983,Enrolled
2986,Enrolled
939,Enrolled
2993,Enrolled
3001,Enrolled
3004,Enrolled
3005,Enrolled
960,Enrolled
962,Enrolled
967,Enrolled
3016,Enrolled
3023,Enrolled
3027,Enrolled
3034,Enrolled
3035,Enrolled
3036,Enrolled
3037,Enrolled
3038,Enrolled
991,Enrolled
993,Enrolled
1001,Enrolled
1003,Enrolled
3051,Enrolled
1009,Enrolled
3062,Enrolled
3063,Enrolled
1016,Enrolled
3068,Enrolled
1029,Enrolled
1032,Enrolled
1033,Enrolled
1034,Enrolled
3083,Enrolled
1038,Enrolled
1039,Enrolled
3087,Enrolled
1041,Enrolled
1042,Enrolled
3094,Enrolled
3099,Enrolled
3100,Enrolled
1058,Enrolled
1062,Enrolled
3111,Enrolled
3115,Enrolled
3118,Enrolled
3120,Enrolled
1075,Enrolled
1078,Enrolled
3128,Enrolled
1082,Enrolled
1083,Enrolled
1085,Enrolled
3137,Enrolled
3140,Enrolled
1095,Enrolled
1096,Enrolled
3145,Enrolled
3147,Enrolled
3148,Enrolled
3149,Enrolled
1103,Enrolled
1104,Enrolled
1107,Enrolled
1109,Enrolled
3159,Enrolled
3162,Enrolled
3163,Enrolled
3167,Enrolled
1121,Enrolled
1124,Enrolled
3173,Enrolled
1138,Enrolled
1142,Enrolled
3196,Enrolled
1151,Enrolled
1153,Enrolled
3213,Enrolled
3214,Enrolled
3221,Enrolled
3224,Enrolled
3226,Enrolled
3227,Enrolled
1184,Enrolled
1191,Enrolled
3244,Enrolled
1197,Enrolled
1202,Enrolled
1204,Enrolled
3253,Enrolled
3254,Enrolled
3255,Enrolled
1210,Enrolled
1215,Enrolled
3266,Enrolled
1219,Enrolled
3270,Enrolled
1227,Enrolled
1228,Enrolled
3277,Enrolled
1233,Enrolled
1234,Enrolled
1235,Enrolled
3281,Enrolled
1237,Enrolled
3285,Enrolled
3287,Enrolled
3296,Enrolled
3297,Enrolled
1251,Enrolled
3301,Enrolled
3302,Enrolled
1256,Enrolled
1257,Enrolled
1259,Enrolled
1262,Enrolled
1270,Enrolled
3318,Enrolled
1275,Enrolled
3324,Enrolled
1279,Enrolled
3330,Enrolled
3336,Enrolled
3337,Dropout
3338,Dropout
3344,Dropout
3345,Dropout
3347,Dropout
3354,Dropout
1311,Dropout
3360,Dropout
3362,Dropout
1316,Dropout
1317,Dropout
3364,Dropout
3365,Dropout
1320,Dropout
3366,Dropout
3368,Dropout
3370,Dropout
3371,Dropout
1327,Dropout
3376,Dropout
1332,Dropout
1334,Dropout
1335,Dropout
3385,Dropout
3386,Dropout
1341,Dropout
1342,Dropout
3391,Dropout
3392,Dropout
3395,Dropout
1348,Dropout
1351,Dropout
1354,Dropout
3404,Dropout
3406,Dropout
3407,Dropout
3409,Dropout
3416,Dropout
1369,Dropout
3420,Dropout
1374,Dropout
1375,Dropout
1377,Dropout
3429,Dropout
3430,Dropout
3435,Dropout
1389,Dropout
3440,Dropout
1393,Dropout
1396,Dropout
1398,Dropout
3450,Dropout
3452,Dropout
1406,Dropout
3455,Dropout
3458,Dropout
3460,Dropout
1413,Dropout
1414,Dropout
3461,Dropout
1416,Dropout
1417,Dropout
3464,Dropout
3469,Dropout
1423,Dropout
1428,Dropout
1438,Dropout
3487,Dropout
1444,Dropout
1446,Dropout
1449,Dropout
3499,Dropout
1455,Dropout
3504,Dropout
3506,Dropout
1459,Dropout
3508,Dropout
3510,Dropout
3511,Dropout
1465,Dropout
3513,Dropout
3516,Dropout
1469,Dropout
3519,Dropout
1476,Dropout
1477,Dropout
1478,Dropout
3525,Dropout
3530,Dropout
3533,Dropout
1487,Dropout
1490,Dropout
3539,Dropout
3548,Dropout
3549,Dropout
1502,Dropout
1503,Dropout
3551,Dropout
1505,Dropout
3555,Dropout
1508,Dropout
1510,Dropout
1511,Dropout
3559,Dropout
3562,Dropout
3567,Dropout
1520,Dropout
3569,Dropout
3574,Dropout
3575,Dropout
3577,Dropout
1532,Dropout
1538,Dropout
3589,Dropout
1550,Dropout
3601,Dropout
1560,Dropout
3609,Dropout
1572,Dropout
3621,Dropout
1575,Dropout
1579,Dropout
3628,Dropout
3630,Dropout
3632,Dropout
3638,Dropout
1594,Dropout
3643,Dropout
1596,Dropout
1598,Dropout
3648,Dropout
1601,Dropout
1603,Dropout
1606,Dropout
3656,Dropout
3659,Dropout
1614,Dropout
3667,Dropout
1620,Dropout
1622,Dropout
3676,Dropout
3679,Dropout
1633,Dropout
3682,Dropout
1636,Dropout
3686,Dropout
3689,Dropout
3690,Dropout
3692,Dropout
1648,Dropout
1649,Dropout
3701,Dropout
3704,Dropout
3706,Dropout
1660,Dropout
1668,Dropout
3719,Dropout
3720,Dropout
1673,Dropout
1676,Dropout
3727,Dropout
1680,Dropout
1681,Dropout
1682,Dropout
1683,Dropout
1684,Dropout
3729,Dropout
3735,Dropout
1688,Dropout
3738,Dropout
1702,Dropout
3752,Dropout
3753,Dropout
1709,Dropout
1713,Dropout
3762,Dropout
3766,Dropout
3767,Dropout
1720,Dropout
1721,Dropout
3768,Dropout
1724,Dropout
3777,Dropout
3778,Dropout
1732,Dropout
1739,Dropout
3788,Dropout
3790,Dropout
3793,Dropout
1748,Dropout
3800,Dropout
1755,Dropout
3803,Dropout
1759,Dropout
3812,Dropout
1766,Dropout
3814,Dropout
3816,Dropout
1769,Dropout
3819,Dropout
1772,Dropout
3822,Dropout
1775,Dropout
3825,Dropout
1778,Dropout
1782,Dropout
3831,Dropout
1788,Dropout
3838,Dropout
3840,Dropout
1798,Dropout
3848,Dropout
3849,Dropout
1804,Dropout
3858,Dropout
3859,Dropout
1814,Dropout
3863,Dropout
1818,Dropout
1821,Dropout
3870,Dropout
1823,Dropout
3871,Dropout
3877,Dropout
3879,Dropout
1839,Dropout
3891,Dropout
3893,Dropout
1846,Dropout
1847,Dropout
1849,Dropout
3897,Dropout
1852,Dropout
1853,Dropout
3911,Dropout
1869,Dropout
1876,Dropout
3925,Dropout
1878,Dropout
1879,Dropout
3926,Dropout
3928,Dropout
3931,Dropout
1885,Dropout
3934,Dropout
1888,Dropout
1891,Dropout
3940,Dropout
1893,Dropout
3941,Dropout
1895,Dropout
3945,Dropout
1900,Dropout
1901,Dropout
1902,Dropout
3950,Dropout
3951,Dropout
3954,Dropout
3956,Dropout
3959,Dropout
1917,Dropout
3966,Dropout
3967,Dropout
3971,Dropout
3972,Dropout
1927,Dropout
1930,Dropout
1931,Dropout
1933,Dropout
1934,Dropout
1938,Dropout
3988,Dropout
1941,Dropout
1945,Dropout
1946,Dropout
1947,Dropout
1948,Dropout
3999,Dropout
1952,Dropout
4000,Dropout
4001,Dropout
1956,Dropout
4006,Dropout
4008,Dropout
1961,Dropout
4014,Dropout
4016,Dropout
4019,Dropout
1977,Dropout
1980,Dropout
4028,Dropout
1982,Dropout
4029,Dropout
4033,Dropout
4036,Dropout
1990,Dropout
1992,Dropout
4041,Dropout
4046,Dropout
4048,Dropout
4050,Dropout
2004,Dropout
2013,Dropout
2016,Dropout
4065,Dropout
2019,Dropout
4068,Dropout
4069,Dropout
2025,Dropout
4074,Dropout
2028,Dropout
4077,Dropout
4082,Dropout
2037,Dropout
4085,Dropout
2039,Dropout
4087,Dropout
2043,Dropout
4093,Dropout
2046,Dropout
4096,Dropout